Date Type,Date,Program,Total Doses Administered Daily,Daily Count People Receiving Dose 1,Daily Count People Receiving Dose 2,Total Doses Administered Cumulative,People Receiving 1 or More Doses Cumulative,People Receiving 2 Doses Cumulative,7-Day Avg Daily Count Dose 1,7-Day Avg Total Doses Daily,7-Day Avg Daily Count Dose 2,Total Doses Administered Daily Change,7-Day Avg Total Doses Administered Daily Change,Daily Count of People Fully Vaccinated,People with at least One Dose Cumulative,People Fully Vaccinated Cumulative,7-Day Avg Daily Count of People Fully Vaccinated
Admin,12/14/2020,US,3639,3520,4,15832,14199,1359,7100,7916,680,null,null,4,14199,1374,687
Report,12/14/2020,US,null,null,null,null,null,null,null,null,null,509,255,null,null,null,null
Admin,12/14/2020,LTC,0,0,0,229,229,0,115,114,0,null,null,0,229,0,0
Admin,12/15/2020,US,48894,45469,25,64726,59668,1384,19889,21575,461,null,null,26,59668,1400,466
Report,12/15/2020,US,null,null,null,null,null,null,null,null,null,12129,4213,null,null,null,null
Admin,12/15/2020,LTC,0,0,0,229,229,0,76,76,0,null,null,0,229,0,0
Admin,12/16/2020,US,158189,151334,198,222915,211002,1582,52751,55728,396,null,null,198,211002,1598,399
Report,12/16/2020,US,null,null,null,null,null,null,null,null,null,38996,12909,null,null,null,null
Admin,12/16/2020,LTC,0,0,0,229,229,0,57,57,0,null,null,0,229,0,0
Admin,12/17/2020,US,271033,260229,476,493948,471231,2058,94246,98789,412,null,null,476,471231,2074,414
Report,12/17/2020,US,null,null,null,null,null,null,null,null,null,75708,25468,null,null,null,null
Admin,12/17/2020,LTC,5,5,0,234,234,0,47,46,0,null,null,0,234,0,0
Admin,12/18/2020,US,411904,400580,561,905852,871811,2619,145302,150975,437,null,null,561,871811,2635,439
Report,12/18/2020,US,null,null,null,null,null,null,null,null,null,126800,42357,null,null,null,null
Admin,12/18/2020,LTC,1518,1319,0,1752,1553,0,259,292,0,null,null,0,1553,0,0
Admin,12/19/2020,US,179837,175200,695,1085689,1047011,3314,149573,155098,473,null,null,695,1047011,3330,475
Report,12/19/2020,US,null,null,null,null,null,null,null,null,null,187508,63093,null,null,null,null
Admin,12/19/2020,LTC,323,323,0,2075,1876,0,268,296,0,null,null,0,1876,0,0
Admin,12/20/2020,US,102578,100430,468,1188267,1147441,3782,162395,168010,347,null,null,469,1147441,3799,347
Admin,12/20/2020,LTC,211,211,0,2286,2087,0,265,293,0,null,null,0,2087,0,0
Admin,12/21/2020,US,376412,368061,776,1564679,1515502,4558,214472,221263,457,null,null,779,1515502,4578,457
Report,12/21/2020,US,null,null,null,null,null,null,null,null,null,149957,114422,null,null,null,null
Admin,12/21/2020,LTC,14164,14000,0,16450,16087,0,2265,2317,0,null,null,0,16087,0,0
Admin,12/22/2020,US,442667,433558,1894,2007346,1949060,6452,269913,277517,724,null,null,1895,1949060,6473,724
Report,12/22/2020,US,null,null,null,null,null,null,null,null,null,189722,139792,null,null,null,null
Admin,12/22/2020,LTC,16783,16561,9,33233,32648,9,4631,4714,1,null,null,9,32648,9,1
Admin,12/23/2020,US,560115,548134,1582,2567461,2497194,8034,326599,334935,922,null,null,1582,2497194,8055,922
Admin,12/24/2020,US,191387,185885,832,2758848,2683079,8866,315978,323557,973,null,null,832,2683079,8887,973
Admin,12/24/2020,LTC,2042,2026,16,58016,54846,38,7802,8254,5,null,null,16,54846,38,5
Admin,12/25/2020,US,11934,11844,36,2770782,2694923,8902,260445,266418,898,null,null,36,2694923,8923,898
Admin,12/25/2020,LTC,115,115,0,58131,54961,38,7630,8054,5,null,null,0,54961,38,5
Admin,12/26/2020,US,136639,134193,315,2907421,2829116,9217,254586,260247,843,null,null,315,2829116,9238,844
Report,12/26/2020,US,null,null,null,null,null,null,null,null,null,156478,249823,null,null,null,null
Admin,12/26/2020,LTC,9361,9234,13,67492,64195,51,8903,9345,7,null,null,13,64195,51,7
Admin,12/27/2020,US,91744,89890,296,2999165,2919006,9513,253081,258699,819,null,null,296,2919006,9534,819
Report,12/27/2020,US,null,null,null,null,null,null,null,null,null,61992,228700,null,null,null,null
Admin,12/27/2020,LTC,8946,8820,8,76438,73015,59,10133,10593,8,null,null,8,73015,59,8
Admin,12/28/2020,US,567913,553989,2158,3567078,3472995,11671,279642,286057,1016,null,null,2159,3472995,11693,1016
Report,12/28/2020,US,null,null,null,null,null,null,null,null,null,156220,229595,null,null,null,null
Admin,12/29/2020,US,697028,676361,2664,4264106,4149356,14335,314328,322394,1126,null,null,2666,4149356,14359,1126
Admin,12/30/2020,US,814758,792425,4759,5078864,4941781,19094,349227,358771,1580,null,null,4761,4941781,19120,1580
Admin,12/31/2020,US,409041,397785,1770,5487905,5339566,20864,379498,389865,1714,null,null,1770,5339566,20890,1714
Admin,12/31/2020,LTC,16133,16056,70,308664,302353,471,35358,35806,62,null,null,70,302353,471,61
Admin,1/1/2021,US,41418,39605,1064,5529323,5379171,21928,383464,394077,1861,null,null,1084,5379171,21974,1864
Admin,1/1/2021,LTC,1600,1596,4,310264,303949,475,35570,36019,62,null,null,4,303949,475,62
Admin,1/2/2021,US,245999,239380,2019,5775322,5618551,23947,398491,409700,2104,null,null,2021,5618551,23995,2108
Admin,1/3/2021,US,127647,121507,2025,5902969,5740058,25972,403007,414829,2351,null,null,2026,5740058,26021,2355
Report,1/3/2021,US,null,null,null,null,null,null,null,null,null,185279,342276,null,null,null,null
Admin,1/4/2021,US,619977,566020,41326,6522946,6306078,67298,404726,422266,7947,null,null,41329,6306078,67350,7951
Admin,1/5/2021,US,778278,684078,81062,7301224,6990156,148360,405829,433874,19146,null,null,81065,6990156,148415,19150
Admin,1/9/2021,US,482905,352563,123052,11029750,9751143,1049124,590370,750632,146454,null,null,123053,9751143,1049195,146457
Admin,1/16/2021,US,617947,546427,66590,17773738,15163402,2290164,773180,963426,177291,null,null,66595,15163402,2290264,177295
Report,1/16/2021,US,null,null,null,null,null,null,null,null,null,1141043,834574,null,null,null,null
Admin,1/17/2021,US,285913,245419,38489,18059651,15408821,2328653,784846,970885,173293,null,null,38489,15408821,2328753,173296
Report,1/22/2021,US,null,null,null,null,null,null,null,null,null,1561585,884336,null,null,null,null
Report,1/23/2021,US,null,null,null,null,null,null,null,null,null,1430031,925620,null,null,null,null
Admin,1/24/2021,US,374055,289309,80326,26021883,21686253,3926460,896776,1137461,228258,null,null,80327,21686253,3926582,228261
Report,1/24/2021,US,null,null,null,null,null,null,null,null,null,1310665,990557,null,null,null,null
Admin,1/28/2021,US,1855601,1323536,513290,32577748,26063512,6026506,960286,1334998,359163,null,null,513297,26063512,6026647,359167
Report,1/28/2021,US,null,null,null,null,null,null,null,null,null,1541048,1235330,null,null,null,null
Report,1/29/2021,US,null,null,null,null,null,null,null,null,null,1690979,1253815,null,null,null,null
Report,1/30/2021,US,null,null,null,null,null,null,null,null,null,1693241,1291416,null,null,null,null
Report,1/31/2021,US,null,null,null,null,null,null,null,null,null,1545397,1324949,null,null,null,null
Admin,2/3/2021,US,2008317,1218787,768169,40617882,31282586,8743445,934659,1413676,461461,null,null,768177,31282586,8743621,461467
Admin,2/4/2021,US,2194380,1331345,841504,42812262,32613931,9584949,935774,1462073,508349,null,null,841514,32613931,9585135,508355
Report,2/4/2021,US,null,null,null,null,null,null,null,null,null,1325456,1287147,null,null,null,null
Admin,2/5/2021,US,2219319,1313289,888636,45031581,33927220,10473585,934758,1520202,569634,null,null,888650,33927220,10473785,569641
Report,2/5/2021,US,null,null,null,null,null,null,null,null,null,1615502,1276364,null,null,null,null
Report,2/6/2021,US,null,null,null,null,null,null,null,null,null,2218752,1351437,null,null,null,null
Report,2/7/2021,US,null,null,null,null,null,null,null,null,null,2172973,1441091,null,null,null,null
Report,2/8/2021,US,null,null,null,null,null,null,null,null,null,1206680,1456459,null,null,null,null
Admin,2/10/2021,US,2140109,1174667,952460,52115371,38004304,13426646,960245,1642498,669029,null,null,952470,38004304,13426895,669039
Report,2/10/2021,US,null,null,null,null,null,null,null,null,null,1563780,1555959,null,null,null,null
Admin,2/11/2021,US,2225389,1208117,1001799,54340760,39212421,14428445,942641,1646928,691928,null,null,1001819,39212421,14428714,691939
Report,2/11/2021,US,null,null,null,null,null,null,null,null,null,1620300,1598080,null,null,null,null
Admin,2/12/2021,US,2407980,1314471,1070592,56748740,40526892,15499037,942810,1673879,717922,null,null,1070616,40526892,15499330,717935
Report,2/12/2021,US,null,null,null,null,null,null,null,null,null,2020288,1655907,null,null,null,null
Report,2/13/2021,US,null,null,null,null,null,null,null,null,null,2231326,1657703,null,null,null,null
Admin,2/14/2021,US,544866,327614,213307,58677352,41682325,16254473,950452,1712954,749219,null,null,213309,41682325,16254781,749230
Report,2/14/2021,US,null,null,null,null,null,null,null,null,null,2242472,1667631,null,null,null,null
Report,2/15/2021,US,null,null,null,null,null,null,null,null,null,1376214,1691850,null,null,null,null
Report,2/18/2021,US,null,null,null,null,null,null,null,null,null,1455940,1621071,null,null,null,null
Report,2/19/2021,US,null,null,null,null,null,null,null,null,null,1847276,1596355,null,null,null,null
Report,2/20/2021,US,null,null,null,null,null,null,null,null,null,1704457,1521088,null,null,null,null
Admin,2/21/2021,US,526709,232233,287208,68407804,46314740,21240313,661774,1390064,712263,null,null,287216,46314740,21240753,712281
Report,2/21/2021,US,null,null,null,null,null,null,null,null,null,1801134,1458040,null,null,null,null
Admin,2/24/2021,US,2298325,1163875,1112369,73820256,48888691,24016386,708738,1528482,801851,null,null,1112417,48888691,24016940,801882
Report,2/24/2021,US,null,null,null,null,null,null,null,null,null,1432864,1454731,null,null,null,null
Admin,2/25/2021,US,2666191,1432502,1204568,76486447,50321193,25220954,800379,1664269,844948,null,null,1204596,50321193,25221536,844980
Report,2/25/2021,US,null,null,null,null,null,null,null,null,null,1809170,1505193,null,null,null,null
Admin,2/26/2021,US,2858775,1581076,1253833,79345222,51902269,26474787,912827,1811367,879225,null,null,1253865,51902269,26475401,879252
Report,2/26/2021,US,null,null,null,null,null,null,null,null,null,2179947,1552717,null,null,null,null
Report,2/27/2021,US,null,null,null,null,null,null,null,null,null,2352116,1645240,null,null,null,null
Report,2/28/2021,US,null,null,null,null,null,null,null,null,null,2429823,1735053,null,null,null,null
Report,3/1/2021,US,null,null,null,null,null,null,null,null,null,1663984,1817502,null,null,null,null
Admin,3/2/2021,US,2207763,1342826,849095,85894021,55852956,29015729,1161163,2053155,873102,null,null,849629,55852956,29017147,873232
Report,3/2/2021,US,null,null,null,null,null,null,null,null,null,1731614,1942788,null,null,null,null
Admin,3/3/2021,US,2638302,1611887,1008460,88532323,57464843,30024189,1225165,2101723,858258,null,null,1018068,57464843,30035215,859753
Report,3/3/2021,US,null,null,null,null,null,null,null,null,null,1908873,2010790,null,null,null,null
Admin,3/4/2021,US,2881742,1804420,1054019,91414065,59269263,31078208,1278296,2132516,836751,null,null,1099418,59269263,31134633,844728
Report,3/4/2021,US,null,null,null,null,null,null,null,null,null,2032374,2042676,null,null,null,null
Admin,3/5/2021,US,2907159,1852342,1041890,94321224,61121605,32120098,1317048,2139428,806473,null,null,1159374,61121605,32294007,831229
Report,3/5/2021,US,null,null,null,null,null,null,null,null,null,2435246,2079147,null,null,null,null
Admin,3/6/2021,US,1849612,1232739,610734,96170836,62354344,32730832,1339380,2140534,786578,null,null,777301,62354344,33071308,835112
Report,3/6/2021,US,null,null,null,null,null,null,null,null,null,2904229,2158020,null,null,null,null
Admin,3/6/2021,LTC,16269,5064,11064,7444269,4738859,2651656,10845,33729,22576,null,null,11123,4738859,2651727,22586
Report,3/7/2021,US,null,null,null,null,null,null,null,null,null,2439427,2159392,null,null,null,null
Admin,3/7/2021,LTC,10546,3329,6987,7454815,4742188,2658643,10425,32182,21451,null,null,6989,4742188,2658716,21461
Admin,3/8/2021,US,1923738,1342137,574896,98925972,64314629,33516782,1400643,2177102,764307,null,null,749049,64314629,34127949,851490
Report,3/8/2021,US,null,null,null,null,null,null,null,null,null,1738102,2169981,null,null,null,null
Admin,3/9/2021,US,2410532,1643387,760298,101336504,65958016,34277080,1443580,2206069,751622,null,null,952344,65958016,35080293,866163
Report,3/9/2021,US,null,null,null,null,null,null,null,null,null,1602746,2151571,null,null,null,null
Admin,3/10/2021,US,2803696,1890726,903790,104140200,67848742,35180870,1483414,2229696,736669,null,null,1122710,67848742,36203003,881112
Report,3/10/2021,US,null,null,null,null,null,null,null,null,null,2028692,2168688,null,null,null,null
Admin,3/11/2021,US,3025991,2033230,975481,107166191,69881972,36156351,1516101,2250303,725449,null,null,1210693,69881972,37413696,897009
Report,3/11/2021,US,null,null,null,null,null,null,null,null,null,2482603,2233006,null,null,null,null
Admin,3/12/2021,US,2932220,1844926,1061812,110098411,71726898,37218163,1515042,2253883,728295,null,null,1276551,71726898,38690247,913748
Report,3/12/2021,US,null,null,null,null,null,null,null,null,null,2924112,2302844,null,null,null,null
Report,3/13/2021,US,null,null,null,null,null,null,null,null,null,3234490,2350025,null,null,null,null
Admin,3/13/2021,LTC,9971,2641,7231,7582406,4783513,2743830,6379,19733,13168,null,null,7233,4783513,2743927,13171
Report,3/14/2021,US,null,null,null,null,null,null,null,null,null,2697779,2386932,null,null,null,null
Admin,3/14/2021,LTC,7675,1767,5853,7590081,4785280,2749683,6156,19323,13006,null,null,5856,4785280,2749783,13009
Admin,3/15/2021,US,1918524,1291243,622269,114635557,74735887,38726709,1488751,2244226,744275,null,null,729434,74735887,40599344,924485
Report,3/15/2021,US,null,null,null,null,null,null,null,null,null,2021586,2427430,null,null,null,null
Admin,3/15/2021,LTC,14760,4344,9801,7604841,4789624,2759484,5715,18063,12128,null,null,9807,4789624,2759590,12132
Admin,3/16/2021,US,2391829,1634034,750992,117027386,76369921,39477701,1487415,2241554,742946,null,null,856055,76369921,41455399,910729
Report,3/16/2021,US,null,null,null,null,null,null,null,null,null,1655996,2435037,null,null,null,null
Admin,3/16/2021,LTC,13757,4682,8990,7618598,4794306,2768474,5055,16209,10950,null,null,8993,4794306,2768583,10954
Admin,3/17/2021,US,2266354,1544258,717878,119293740,77914179,40195579,1437920,2164791,716387,null,null,803201,77914179,42258600,865085
Report,3/17/2021,US,null,null,null,null,null,null,null,null,null,2299771,2473762,null,null,null,null
Admin,3/17/2021,LTC,14363,4691,9559,7632961,4798997,2778033,4641,14936,10101,null,null,9559,4798997,2778142,10106
Admin,3/18/2021,US,1910148,1289613,617700,121203888,79203792,40813279,1331689,2005385,665275,null,null,693474,79203792,42952074,791196
Report,N/A,US,null,null,null,null,null,null,null,null,null,0,0,null,null,null,null
Report,12/20/2020,US,null,null,null,null,null,null,null,null,null,209853,93072,null,null,null,null
Report,12/23/2020,US,null,null,null,null,null,null,null,null,null,368173,186817,null,null,null,null
Report,12/24/2020,US,null,null,null,null,null,null,null,null,null,338436,224350,null,null,null,null
Report,12/25/2020,US,null,null,null,null,null,null,null,null,null,336145,254256,null,null,null,null
Report,12/29/2020,US,null,null,null,null,null,null,null,null,null,314677,247446,null,null,null,null
Report,12/30/2020,US,null,null,null,null,null,null,null,null,null,441549,257928,null,null,null,null
Report,12/31/2020,US,null,null,null,null,null,null,null,null,null,573278,291477,null,null,null,null
Report,1/1/2021,US,null,null,null,null,null,null,null,null,null,434528,305532,null,null,null,null
Report,1/2/2021,US,null,null,null,null,null,null,null,null,null,290402,324664,null,null,null,null
Report,1/4/2021,US,null,null,null,null,null,null,null,null,null,239472,354169,null,null,null,null
Report,1/5/2021,US,null,null,null,null,null,null,null,null,null,337114,357375,null,null,null,null
Report,1/6/2021,US,null,null,null,null,null,null,null,null,null,600055,380018,null,null,null,null
Report,1/7/2021,US,null,null,null,null,null,null,null,null,null,730700,402507,null,null,null,null
Report,1/8/2021,US,null,null,null,null,null,null,null,null,null,870465,464784,null,null,null,null
Report,1/9/2021,US,null,null,null,null,null,null,null,null,null,790484,536224,null,null,null,null
Report,1/10/2021,US,null,null,null,null,null,null,null,null,null,727095,613626,null,null,null,null
Report,1/11/2021,US,null,null,null,null,null,null,null,null,null,419440,639336,null,null,null,null
Report,1/12/2021,US,null,null,null,null,null,null,null,null,null,516858,665014,null,null,null,null
Report,1/13/2021,US,null,null,null,null,null,null,null,null,null,987485,720361,null,null,null,null
Report,1/14/2021,US,null,null,null,null,null,null,null,null,null,1093867,772242,null,null,null,null
Report,1/15/2021,US,null,null,null,null,null,null,null,null,null,956233,784495,null,null,null,null
Report,1/17/2021,US,null,null,null,null,null,null,null,null,null,856109,853005,null,null,null,null
Report,1/18/2021,US,null,null,null,null,null,null,null,null,null,548050,871378,null,null,null,null
Report,1/19/2021,US,null,null,null,null,null,null,null,null,null,621154,886277,null,null,null,null
Report,1/20/2021,US,null,null,null,null,null,null,null,null,null,441318,808253,null,null,null,null
Report,1/21/2021,US,null,null,null,null,null,null,null,null,null,1021093,797857,null,null,null,null
Report,1/25/2021,US,null,null,null,null,null,null,null,null,null,885588,1038776,null,null,null,null
Report,1/26/2021,US,null,null,null,null,null,null,null,null,null,806751,1065290,null,null,null,null
Report,1/27/2021,US,null,null,null,null,null,null,null,null,null,1111640,1161050,null,null,null,null
Report,2/1/2021,US,null,null,null,null,null,null,null,null,null,1099103,1355451,null,null,null,null
Report,2/2/2021,US,null,null,null,null,null,null,null,null,null,558458,1319981,null,null,null,null
Report,2/3/2021,US,null,null,null,null,null,null,null,null,null,1097394,1317946,null,null,null,null
Report,2/9/2021,US,null,null,null,null,null,null,null,null,null,788573,1489333,null,null,null,null
Report,2/16/2021,US,null,null,null,null,null,null,null,null,null,959794,1716311,null,null,null,null
Report,2/17/2021,US,null,null,null,null,null,null,null,null,null,1061463,1644551,null,null,null,null
Report,2/22/2021,US,null,null,null,null,null,null,null,null,null,1086840,1416701,null,null,null,null
Report,2/23/2021,US,null,null,null,null,null,null,null,null,null,854609,1401674,null,null,null,null
Report,3/18/2021,US,null,null,null,null,null,null,null,null,null,2692381,2503731,null,null,null,null
Admin,3/18/2021,LTC,13847,4460,9305,7646808,4803457,2787338,4293,13748,9277,null,null,9306,4803457,2787448,9280
Admin,3/19/2021,US,237609,163433,73725,121441497,79367225,40887004,1091475,1620440,524120,null,null,84745,79367225,43036819,620938
Report,3/19/2021,US,null,null,null,null,null,null,null,null,null,2583810,2455116,null,null,null,null
Admin,3/19/2021,LTC,1403,176,1202,7648211,4803633,2788540,3252,10825,7420,null,null,1202,4803633,2788650,7422
Admin,3/20/2021,US,0,0,0,121441497,79367225,40887004,923922,1358722,431697,null,null,0,79367225,43036819,499648
Admin,N/A,US,12193,10679,1355,12193,10679,1355,10679,12193,1355,null,null,1370,10679,1370,1370
Admin,1/6/2021,US,967136,786198,164291,8268360,7776354,312651,404939,455642,41937,null,null,164300,7776354,312715,41942
Admin,1/7/2021,US,1107134,820199,266112,9375494,8596553,578763,465284,555369,79700,null,null,266114,8596553,578829,79705
Admin,1/8/2021,US,1171351,802027,347309,10546845,9398580,926072,574201,716788,129163,null,null,347313,9398580,926142,129166
Admin,1/10/2021,US,233706,163759,66479,11263456,9914902,1115603,596406,765783,155662,null,null,66480,9914902,1115675,155664
Admin,1/11/2021,US,1011760,683848,310098,12275216,10598750,1425701,613239,821752,194058,null,null,310103,10598750,1425778,194061
Admin,1/12/2021,US,1184780,864156,301410,13459996,11462906,1727111,638964,879824,225536,null,null,301415,11462906,1727193,225539
Admin,1/13/2021,US,1255035,980036,257533,14715031,12442942,1984644,666655,920953,238856,null,null,257539,12442942,1984732,238859
Admin,1/14/2021,US,1250024,1106683,127165,15965055,13549625,2111809,707582,941365,219007,null,null,127169,13549625,2111901,219010
Admin,1/15/2021,US,1190736,1067350,111765,17155791,14616975,2223574,745485,944135,185357,null,null,111768,14616975,2223669,185361
Admin,1/18/2021,US,815768,600026,210000,18875419,16008847,2538653,772871,942886,158993,null,null,210003,16008847,2538756,158996
Admin,1/19/2021,US,1270562,927727,327927,20145981,16936574,2866580,781953,955140,162781,null,null,327928,16936574,2866684,162784
Admin,1/20/2021,US,1535468,1124785,393250,21681449,18061359,3259830,802631,995202,182169,null,null,393251,18061359,3259935,182171
Admin,1/21/2021,US,1551312,1280153,252534,23232761,19341512,3512364,827412,1038243,200079,null,null,252542,19341512,3512477,200082
Admin,1/22/2021,US,1548300,1337700,194460,24781061,20679212,3706824,866034,1089324,211893,null,null,194468,20679212,3706945,211896
Admin,1/23/2021,US,866767,717732,139310,25647828,21396944,3846134,890506,1124870,222281,null,null,139310,21396944,3846255,222284
Admin,1/25/2021,US,1284741,820469,449158,27306624,22506722,4375618,928268,1204457,262424,null,null,449162,22506722,4375744,262426
Admin,1/26/2021,US,1580756,1025348,535794,28887380,23532070,4911412,942214,1248771,292119,null,null,535798,23532070,4911542,292122
Admin,1/27/2021,US,1834767,1207906,601804,30722147,24739976,5513216,954088,1291528,321912,null,null,601808,24739976,5513350,321916
Admin,1/29/2021,US,1812417,1320403,459641,34390165,27383915,6486147,957815,1372729,397046,null,null,459648,27383915,6486295,397050
Admin,1/30/2021,US,972848,737523,224141,35363013,28121438,6710288,960642,1387883,409165,null,null,224142,28121438,6710437,409168
Admin,1/31/2021,US,435014,316464,113789,35798027,28437902,6824077,964521,1396592,413945,null,null,113790,28437902,6824227,413949
Admin,2/1/2021,US,1232744,703479,512673,37030771,29141381,7336750,947808,1389163,423019,null,null,512681,29141381,7336908,423023
Admin,2/2/2021,US,1578794,922418,638526,38609565,30063799,7975276,933104,1388883,437695,null,null,638536,30063799,7975444,437700
Admin,2/6/2021,US,1234223,829829,393285,46265804,34757049,10866870,947944,1557541,593797,null,null,393306,34757049,10867091,593807
Admin,2/7/2021,US,420867,272115,143072,46686671,35029164,11009942,941609,1555520,597981,null,null,143076,35029164,11010167,597991
Admin,2/8/2021,US,1459418,804835,643102,48146089,35833999,11653044,956088,1587902,616613,null,null,643108,35833999,11653275,616623
Admin,2/9/2021,US,1829173,995638,821142,49975262,36829637,12474186,966548,1623671,642701,null,null,821150,36829637,12474425,642711
Admin,2/13/2021,US,1383746,827819,542129,58132486,41354711,16041166,942523,1695240,739185,null,null,542142,41354711,16041472,739197
Admin,2/15/2021,US,1088397,586881,487050,59765749,42269206,16741523,919315,1659951,726926,null,null,487063,42269206,16741844,726938
Admin,2/16/2021,US,1518723,766247,734392,61284472,43035453,17475915,886545,1615601,714533,null,null,734403,43035453,17476247,714546
Admin,2/17/2021,US,1836406,892069,927514,63120878,43927522,18403429,846174,1572215,710969,null,null,927519,43927522,18403766,710981
Admin,2/18/2021,US,1715680,791021,902890,64836558,44718543,19306319,786589,1499399,696839,null,null,902905,44718543,19306671,696851
Admin,2/19/2021,US,1829093,793937,1013894,66665651,45512480,20320213,712227,1416701,688739,null,null,1013966,45512480,20320637,688758
Admin,2/20/2021,US,1215444,570027,632892,67881095,46082507,20953105,675399,1392658,701706,null,null,632900,46082507,20953537,701723
Admin,2/22/2021,US,1340495,591368,730516,69748299,46906108,21970829,662415,1426078,747044,null,null,730551,46906108,21971304,747065
Admin,2/23/2021,US,1773632,818708,933188,71521931,47724816,22904017,669909,1462494,775443,null,null,933219,47724816,22904523,775468
Admin,2/27/2021,US,1841876,1076413,749998,81187098,52978682,27224785,985168,1900857,895954,null,null,750118,52978682,27225519,895997
Admin,2/28/2021,US,767449,497550,261782,81954547,53476232,27486567,1023070,1935249,892322,null,null,261791,53476232,27487310,892365
Admin,3/1/2021,US,1731711,1033898,680067,83686258,54510130,28166634,1086289,1991137,885115,null,null,680208,54510130,28167518,885173
Admin,3/7/2021,US,831398,618148,211054,97002234,62972492,32941886,1356609,2149669,779331,null,null,307592,62972492,33378900,841655
Admin,3/13/2021,US,1832027,1172875,646965,111930438,72899773,37865128,1506490,2251371,733471,null,null,849031,72899773,39539278,923995
Admin,3/14/2021,US,786595,544871,239312,112717033,73444644,38104440,1496022,2244971,737508,null,null,330632,73444644,39869910,927287
Report,3/20/2021,US,null,null,null,null,null,null,null,null,null,3127679,2439857,null,null,null,null
Admin,3/20/2021,LTC,0,0,0,7648211,4803633,2788540,2874,9400,6387,null,null,0,4803633,2788650,6389
Admin,N/A,LTC,229,229,0,229,229,0,229,229,0,null,null,0,229,0,0
Admin,12/23/2020,LTC,22741,20172,13,55974,52820,22,7513,7963,3,null,null,13,52820,22,3
Admin,12/28/2020,LTC,59482,58877,20,135920,131892,79,16544,17067,11,null,null,20,131892,79,11
Admin,12/29/2020,LTC,79285,78168,75,215205,210060,154,25345,25996,21,null,null,75,210060,154,20
Admin,12/30/2020,LTC,77326,76237,247,292531,286297,401,33354,33793,54,null,null,247,286297,401,54
Admin,1/2/2021,LTC,46307,45646,38,356571,349595,513,40771,41297,66,null,null,38,349595,513,66
Admin,1/3/2021,LTC,32472,31789,57,389043,381384,570,44053,44657,73,null,null,57,381384,570,73
Admin,1/4/2021,LTC,85626,84743,58,474669,466127,628,47748,48392,78,null,null,58,466127,628,78
Admin,1/5/2021,LTC,96601,96013,103,571270,562140,731,50297,50866,82,null,null,103,562140,731,82
Admin,1/6/2021,LTC,94754,93869,174,666024,656009,905,52816,53356,72,null,null,174,656009,905,72
Admin,1/7/2021,LTC,122976,121810,338,789000,777819,1243,67924,68619,110,null,null,338,777819,1243,110
Admin,1/8/2021,LTC,113795,111715,1247,902795,889534,2490,83655,84647,288,null,null,1247,889534,2490,287
Admin,1/9/2021,LTC,50471,49562,336,953266,939096,2826,84214,85242,330,null,null,336,939096,2826,330
Admin,1/10/2021,LTC,35501,35011,283,988767,974107,3109,84675,85674,363,null,null,283,974107,3109,362
Admin,1/11/2021,LTC,143224,130948,11371,1131991,1105055,14480,91275,93903,1979,null,null,11371,1105055,14480,1978
Admin,1/12/2021,LTC,156315,141998,13401,1288306,1247053,27881,97845,102433,3879,null,null,13401,1247053,27881,3878
Admin,1/13/2021,LTC,159759,143116,15793,1448065,1390169,43674,104880,111720,6110,null,null,15793,1390169,43674,6109
Admin,1/14/2021,LTC,141226,137624,2985,1589291,1527793,46659,107139,114327,6488,null,null,2985,1527793,46659,6488
Admin,1/15/2021,LTC,112800,110299,1463,1702091,1638092,48122,106937,114185,6519,null,null,1463,1638092,48122,6518
Admin,1/16/2021,LTC,64290,56561,7061,1766381,1694653,55183,107937,116159,7480,null,null,7061,1694653,55183,7479
Admin,1/17/2021,LTC,49034,43138,5651,1815415,1737791,60834,109098,118092,8246,null,null,5651,1737791,60834,8246
Admin,1/18/2021,LTC,170183,129181,40403,1985598,1866972,101237,108845,121943,12394,null,null,40403,1866972,101237,12393
Admin,1/19/2021,LTC,180214,132022,47494,2165812,1998994,148731,107420,125358,17264,null,null,47494,1998994,148731,17264
Admin,1/20/2021,LTC,190786,146727,43338,2356598,2145721,192069,107936,129790,21199,null,null,43338,2145721,192069,21199
Admin,1/21/2021,LTC,144061,132523,10964,2500659,2278244,203033,107207,130195,22339,null,null,10964,2278244,203033,22339
Admin,1/22/2021,LTC,126782,121846,4466,2627441,2400090,207499,108857,132192,22768,null,null,4466,2400090,207499,22768
Admin,1/23/2021,LTC,96423,68003,27947,2723864,2468093,235446,110491,136783,25752,null,null,27947,2468093,235446,25751
Admin,1/24/2021,LTC,63181,43596,19294,2787045,2511689,254740,110557,138804,27701,null,null,19294,2511689,254740,27700
Admin,1/25/2021,LTC,184534,126106,57367,2971579,2637795,312107,110118,140854,30124,null,null,57367,2637795,312107,30124
Admin,1/26/2021,LTC,204808,133939,70155,3176387,2771734,382262,110391,144367,33362,null,null,70155,2771734,382262,33361
Admin,1/27/2021,LTC,211689,140535,70494,3388076,2912269,452756,109507,147354,37241,null,null,70494,2912269,452756,37241
Admin,1/28/2021,LTC,190558,118636,71225,3578634,3030905,523981,107523,153996,45850,null,null,71225,3030905,523981,45849
Admin,1/29/2021,LTC,177464,114085,62879,3756098,3144990,586860,106414,161236,54194,null,null,62879,3144990,586860,54194
Admin,1/30/2021,LTC,96273,61049,34810,3852371,3206039,621670,105421,161215,55175,null,null,34810,3206039,621670,55174
Admin,1/31/2021,LTC,67438,42664,24452,3919809,3248703,646122,105288,161823,55912,null,null,24452,3248703,646122,55911
Admin,2/1/2021,LTC,174077,88323,84846,4093886,3337026,730968,99890,160329,59837,null,null,84846,3337026,730968,59837
Admin,2/2/2021,LTC,188248,96468,90350,4282134,3433494,821318,94537,157963,62722,null,null,90350,3433494,821318,62722
Admin,2/3/2021,LTC,199731,101331,96676,4481865,3534825,917994,88937,156255,66463,null,null,96676,3534825,917994,66462
Admin,2/4/2021,LTC,203544,99564,103121,4685409,3634389,1021115,86212,158110,71019,null,null,103121,3634389,1021115,71019
Admin,2/5/2021,LTC,208381,110412,96441,4893790,3744801,1117556,85687,162527,75814,null,null,96441,3744801,1117556,75813
Admin,2/6/2021,LTC,110873,60583,49513,5004663,3805384,1167069,85621,164613,77914,null,null,49513,3805384,1167069,77914
Admin,2/7/2021,LTC,65364,30176,34638,5070027,3835560,1201707,83837,164316,79369,null,null,34638,3835560,1201707,79369
Admin,2/8/2021,LTC,161585,73434,86777,5231612,3908994,1288484,81710,162532,79645,null,null,86777,3908994,1288484,79645
Admin,2/9/2021,LTC,169133,74772,92954,5400745,3983766,1381438,78610,159801,80017,null,null,92954,3983766,1381438,80017
Admin,2/10/2021,LTC,162254,61188,99196,5562999,4044954,1480634,72876,154447,80377,null,null,99196,4044954,1480634,80377
Admin,2/11/2021,LTC,159778,62580,95894,5722777,4107534,1576528,67592,148195,79345,null,null,95894,4107534,1576528,79344
Admin,2/12/2021,LTC,171441,84380,85979,5894218,4191914,1662507,63873,142918,77850,null,null,85979,4191914,1662507,77850
Admin,2/13/2021,LTC,85309,42682,42152,5979527,4234596,1704659,61316,139266,76799,null,null,42152,4234596,1704659,76798
Admin,2/14/2021,LTC,53495,25074,27810,6033022,4259670,1732469,60587,137570,75823,null,null,27810,4259670,1732469,75823
Admin,2/15/2021,LTC,105519,38505,66276,6138541,4298175,1798745,55597,129561,72894,null,null,66276,4298175,1798745,72894
Admin,2/16/2021,LTC,113031,42454,69654,6251572,4340629,1868399,50980,121546,69566,null,null,69654,4340629,1868399,69565
Admin,2/17/2021,LTC,117526,40974,75411,6369098,4381603,1943810,48093,115157,66168,null,null,75411,4381603,1943810,66168
Admin,2/18/2021,LTC,111321,36812,73071,6480419,4418415,2016881,44412,108234,62908,null,null,73071,4418415,2016881,62907
Admin,2/19/2021,LTC,111302,37376,72905,6591721,4455791,2089786,37697,99643,61040,null,null,72905,4455791,2089786,61039
Admin,2/20/2021,LTC,60171,19348,40336,6651892,4475139,2130122,34363,96052,60780,null,null,40336,4475139,2130122,60780
Admin,2/21/2021,LTC,42080,12786,28908,6693972,4487925,2159030,32608,94421,60937,null,null,28908,4487925,2159030,60937
Admin,2/22/2021,LTC,94028,29257,63910,6788000,4517182,2222940,31287,92779,60599,null,null,63910,4517182,2222940,60599
Admin,2/23/2021,LTC,93137,29878,62303,6881137,4547060,2285243,29490,89937,59549,null,null,62303,4547060,2285243,59549
Admin,2/24/2021,LTC,105146,38061,66343,6986283,4585121,2351586,29074,88169,58254,null,null,66343,4585121,2351586,58253
Admin,2/25/2021,LTC,109975,42112,67029,7096258,4627233,2418615,29831,87977,57391,null,null,67029,4627233,2418615,57390
Admin,2/26/2021,LTC,69712,22473,46489,7165970,4649706,2465104,27702,82035,53617,null,null,46489,4649706,2465104,53616
Admin,2/27/2021,LTC,42195,13241,28520,7208165,4662947,2493624,26830,79467,51929,null,null,28520,4662947,2493624,51928
Admin,2/28/2021,LTC,21370,6269,14860,7229535,4669216,2508484,25899,76509,49922,null,null,14860,4669216,2508484,49922
Admin,3/1/2021,LTC,37448,12791,24304,7266983,4682007,2532788,23546,68426,44264,null,null,24304,4682007,2532788,44264
Admin,3/2/2021,LTC,40507,14719,25467,7307490,4696726,2558255,21381,60907,39002,null,null,25470,4696726,2558258,39002
Admin,3/3/2021,LTC,41094,12906,27900,7348584,4709632,2586155,17787,51757,33510,null,null,27902,4709632,2586160,33510
Admin,3/4/2021,LTC,40228,11548,28323,7388812,4721180,2614478,13421,41793,27980,null,null,28323,4721180,2614483,27981
Admin,3/5/2021,LTC,39188,12615,26114,7428000,4733795,2640592,12013,37432,25070,null,null,26121,4733795,2640604,25071
Admin,3/8/2021,LTC,23582,7429,15946,7478397,4749617,2674589,9659,30202,20257,null,null,15948,4749617,2674664,20268
Admin,3/9/2021,LTC,26733,9307,17235,7505130,4758924,2691824,8885,28234,19081,null,null,17236,4758924,2691900,19091
Admin,3/10/2021,LTC,23278,7584,15499,7528408,4766508,2707323,8125,25689,17310,null,null,15500,4766508,2707400,17320
Admin,3/11/2021,LTC,22162,6896,15079,7550570,4773404,2722402,7461,23108,15418,null,null,15085,4773404,2722485,15428
Admin,3/12/2021,LTC,21865,7468,14197,7572435,4780872,2736599,6725,20633,13715,null,null,14209,4780872,2736694,13727
